{"cameraMode":{"drawMode":0,"name":"Shaded","section":"Shading Mode"},"sceneLighting":true,"audioPlay":false,"sceneViewState":{"m_AlwaysRefresh":false,"showFog":true,"showSkybox":true,"showFlares":true,"showImageEffects":true,"showParticleSystems":true,"showVisualEffectGraphs":true,"m_FxEnabled":true},"in2DMode":false,"pivot":{"x":683.4916381835938,"y":48.85678482055664,"z":124.2673568725586},"rotation":{"x":-0.015960199758410455,"y":0.8254026174545288,"z":0.02432657591998577,"w":0.5643125176429749},"size":251.31124877929688,"orthographic":false}